date,year,month,dmi_labelled_index_value
1/01/1950,1950,1,-0.72
1/02/1950,1950,2,-0.54
1/03/1950,1950,3,-0.05
1/04/1950,1950,4,0.38
1/05/1950,1950,5,0.12
1/06/1950,1950,6,-0.63
1/07/1950,1950,7,-1.07
1/08/1950,1950,8,-0.83
1/09/1950,1950,9,-0.52
1/10/1950,1950,10,-0.35
1/11/1950,1950,11,-0.16
1/12/1950,1950,12,-0.38
1/01/1951,1951,1,-0.7
1/02/1951,1951,2,-0.56
1/03/1951,1951,3,-0.1
1/04/1951,1951,4,0.35
1/05/1951,1951,5,0.11
1/06/1951,1951,6,-0.68
1/07/1951,1951,7,-1.1
1/08/1951,1951,8,-0.85
1/09/1951,1951,9,-0.56
1/10/1951,1951,10,-0.36
1/11/1951,1951,11,-0.19
1/12/1951,1951,12,-0.39
1/01/1952,1952,1,-0.7
1/02/1952,1952,2,-0.5
1/03/1952,1952,3,-0.04
1/04/1952,1952,4,0.3
1/05/1952,1952,5,0.12
1/06/1952,1952,6,-0.7
1/07/1952,1952,7,-1.1
1/08/1952,1952,8,-0.88
1/09/1952,1952,9,-0.52
1/10/1952,1952,10,-0.35
1/11/1952,1952,11,-0.17
1/12/1952,1952,12,-0.37
1/01/1953,1953,1,-0.66
1/02/1953,1953,2,-0.44
1/03/1953,1953,3,0.01
1/04/1953,1953,4,0.33
1/05/1953,1953,5,0.13
1/06/1953,1953,6,-0.7
1/07/1953,1953,7,-1.12
1/08/1953,1953,8,-0.89
1/09/1953,1953,9,-0.53
1/10/1953,1953,10,-0.39
1/11/1953,1953,11,-0.18
1/12/1953,1953,12,-0.34
1/01/1954,1954,1,-0.61
1/02/1954,1954,2,-0.41
1/03/1954,1954,3,0.06
1/04/1954,1954,4,0.33
1/05/1954,1954,5,0.19
1/06/1954,1954,6,-0.67
1/07/1954,1954,7,-1.1
1/08/1954,1954,8,-0.86
1/09/1954,1954,9,-0.45
1/10/1954,1954,10,-0.33
1/11/1954,1954,11,-0.14
1/12/1954,1954,12,-0.33
1/01/1955,1955,1,-0.67
1/02/1955,1955,2,-0.43
1/03/1955,1955,3,0.02
1/04/1955,1955,4,0.36
1/05/1955,1955,5,0.2
1/06/1955,1955,6,-0.71
1/07/1955,1955,7,-1.14
1/08/1955,1955,8,-0.9
1/09/1955,1955,9,-0.48
1/10/1955,1955,10,-0.37
1/11/1955,1955,11,-0.16
1/12/1955,1955,12,-0.33
1/01/1956,1956,1,-0.7
1/02/1956,1956,2,-0.45
1/03/1956,1956,3,0.01
1/04/1956,1956,4,0.38
1/05/1956,1956,5,0.12
1/06/1956,1956,6,-0.78
1/07/1956,1956,7,-1.17
1/08/1956,1956,8,-0.89
1/09/1956,1956,9,-0.51
1/10/1956,1956,10,-0.42
1/11/1956,1956,11,-0.18
1/12/1956,1956,12,-0.34
1/01/1957,1957,1,-0.69
1/02/1957,1957,2,-0.42
1/03/1957,1957,3,-0.02
1/04/1957,1957,4,0.34
1/05/1957,1957,5,0.05
1/06/1957,1957,6,-0.82
1/07/1957,1957,7,-1.24
1/08/1957,1957,8,-0.89
1/09/1957,1957,9,-0.51
1/10/1957,1957,10,-0.43
1/11/1957,1957,11,-0.21
1/12/1957,1957,12,-0.35
1/01/1958,1958,1,-0.71
1/02/1958,1958,2,-0.44
1/03/1958,1958,3,-0.04
1/04/1958,1958,4,0.32
1/05/1958,1958,5,0.04
1/06/1958,1958,6,-0.87
1/07/1958,1958,7,-1.3
1/08/1958,1958,8,-0.92
1/09/1958,1958,9,-0.53
1/10/1958,1958,10,-0.43
1/11/1958,1958,11,-0.27
1/12/1958,1958,12,-0.35
1/01/1959,1959,1,-0.69
1/02/1959,1959,2,-0.43
1/03/1959,1959,3,-0.06
1/04/1959,1959,4,0.31
1/05/1959,1959,5,0.02
1/06/1959,1959,6,-0.93
1/07/1959,1959,7,-1.39
1/08/1959,1959,8,-1.01
1/09/1959,1959,9,-0.61
1/10/1959,1959,10,-0.47
1/11/1959,1959,11,-0.29
1/12/1959,1959,12,-0.36
1/01/1960,1960,1,-0.63
1/02/1960,1960,2,-0.42
1/03/1960,1960,3,-0.07
1/04/1960,1960,4,0.33
1/05/1960,1960,5,-0.04
1/06/1960,1960,6,-1
1/07/1960,1960,7,-1.41
1/08/1960,1960,8,-1.01
1/09/1960,1960,9,-0.6
1/10/1960,1960,10,-0.49
1/11/1960,1960,11,-0.33
1/12/1960,1960,12,-0.4
1/01/1961,1961,1,-0.68
1/02/1961,1961,2,-0.42
1/03/1961,1961,3,-0.1
1/04/1961,1961,4,0.27
1/05/1961,1961,5,-0.15
1/06/1961,1961,6,-1.05
1/07/1961,1961,7,-1.45
1/08/1961,1961,8,-1.09
1/09/1961,1961,9,-0.64
1/10/1961,1961,10,-0.55
1/11/1961,1961,11,-0.42
1/12/1961,1961,12,-0.47
1/01/1962,1962,1,-0.72
1/02/1962,1962,2,-0.45
1/03/1962,1962,3,-0.12
1/04/1962,1962,4,0.25
1/05/1962,1962,5,-0.18
1/06/1962,1962,6,-1.03
1/07/1962,1962,7,-1.34
1/08/1962,1962,8,-0.97
1/09/1962,1962,9,-0.51
1/10/1962,1962,10,-0.39
1/11/1962,1962,11,-0.35
1/12/1962,1962,12,-0.45
1/01/1963,1963,1,-0.66
1/02/1963,1963,2,-0.4
1/03/1963,1963,3,-0.11
1/04/1963,1963,4,0.28
1/05/1963,1963,5,-0.19
1/06/1963,1963,6,-1.06
1/07/1963,1963,7,-1.37
1/08/1963,1963,8,-0.97
1/09/1963,1963,9,-0.49
1/10/1963,1963,10,-0.4
1/11/1963,1963,11,-0.35
1/12/1963,1963,12,-0.42
1/01/1964,1964,1,-0.63
1/02/1964,1964,2,-0.36
1/03/1964,1964,3,-0.08
1/04/1964,1964,4,0.31
1/05/1964,1964,5,-0.24
1/06/1964,1964,6,-1.08
1/07/1964,1964,7,-1.32
1/08/1964,1964,8,-0.91
1/09/1964,1964,9,-0.48
1/10/1964,1964,10,-0.32
1/11/1964,1964,11,-0.3
1/12/1964,1964,12,-0.42
1/01/1965,1965,1,-0.69
1/02/1965,1965,2,-0.43
1/03/1965,1965,3,-0.09
1/04/1965,1965,4,0.33
1/05/1965,1965,5,-0.27
1/06/1965,1965,6,-1.08
1/07/1965,1965,7,-1.37
1/08/1965,1965,8,-0.95
1/09/1965,1965,9,-0.57
1/10/1965,1965,10,-0.4
1/11/1965,1965,11,-0.31
1/12/1965,1965,12,-0.41
1/01/1966,1966,1,-0.68
1/02/1966,1966,2,-0.45
1/03/1966,1966,3,-0.07
1/04/1966,1966,4,0.33
1/05/1966,1966,5,-0.26
1/06/1966,1966,6,-1.09
1/07/1966,1966,7,-1.37
1/08/1966,1966,8,-0.91
1/09/1966,1966,9,-0.54
1/10/1966,1966,10,-0.34
1/11/1966,1966,11,-0.28
1/12/1966,1966,12,-0.41
1/01/1967,1967,1,-0.65
1/02/1967,1967,2,-0.45
1/03/1967,1967,3,-0.09
1/04/1967,1967,4,0.33
1/05/1967,1967,5,-0.28
1/06/1967,1967,6,-1.04
1/07/1967,1967,7,-1.32
1/08/1967,1967,8,-0.85
1/09/1967,1967,9,-0.52
1/10/1967,1967,10,-0.38
1/11/1967,1967,11,-0.31
1/12/1967,1967,12,-0.43
1/01/1968,1968,1,-0.7
1/02/1968,1968,2,-0.48
1/03/1968,1968,3,-0.07
1/04/1968,1968,4,0.33
1/05/1968,1968,5,-0.23
1/06/1968,1968,6,-0.99
1/07/1968,1968,7,-1.23
1/08/1968,1968,8,-0.78
1/09/1968,1968,9,-0.4
1/10/1968,1968,10,-0.27
1/11/1968,1968,11,-0.25
1/12/1968,1968,12,-0.39
1/01/1969,1969,1,-0.66
1/02/1969,1969,2,-0.44
1/03/1969,1969,3,-0.09
1/04/1969,1969,4,0.34
1/05/1969,1969,5,-0.2
1/06/1969,1969,6,-0.97
1/07/1969,1969,7,-1.23
1/08/1969,1969,8,-0.79
1/09/1969,1969,9,-0.45
1/10/1969,1969,10,-0.28
1/11/1969,1969,11,-0.27
1/12/1969,1969,12,-0.41
1/01/1970,1970,1,-0.68
1/02/1970,1970,2,-0.47
1/03/1970,1970,3,-0.12
1/04/1970,1970,4,0.33
1/05/1970,1970,5,-0.19
1/06/1970,1970,6,-0.99
1/07/1970,1970,7,-1.25
1/08/1970,1970,8,-0.84
1/09/1970,1970,9,-0.44
1/10/1970,1970,10,-0.2
1/11/1970,1970,11,-0.21
1/12/1970,1970,12,-0.35
1/01/1971,1971,1,-0.61
1/02/1971,1971,2,-0.4
1/03/1971,1971,3,-0.12
1/04/1971,1971,4,0.36
1/05/1971,1971,5,-0.15
1/06/1971,1971,6,-1
1/07/1971,1971,7,-1.25
1/08/1971,1971,8,-0.86
1/09/1971,1971,9,-0.45
1/10/1971,1971,10,-0.21
1/11/1971,1971,11,-0.23
1/12/1971,1971,12,-0.34
1/01/1972,1972,1,-0.61
1/02/1972,1972,2,-0.42
1/03/1972,1972,3,-0.07
1/04/1972,1972,4,0.42
1/05/1972,1972,5,-0.12
1/06/1972,1972,6,-0.97
1/07/1972,1972,7,-1.22
1/08/1972,1972,8,-0.87
1/09/1972,1972,9,-0.45
1/10/1972,1972,10,-0.24
1/11/1972,1972,11,-0.2
1/12/1972,1972,12,-0.28
1/01/1973,1973,1,-0.59
1/02/1973,1973,2,-0.45
1/03/1973,1973,3,-0.07
1/04/1973,1973,4,0.44
1/05/1973,1973,5,-0.06
1/06/1973,1973,6,-0.85
1/07/1973,1973,7,-1.14
1/08/1973,1973,8,-0.8
1/09/1973,1973,9,-0.32
1/10/1973,1973,10,-0.14
1/11/1973,1973,11,-0.08
1/12/1973,1973,12,-0.23
1/01/1974,1974,1,-0.54
1/02/1974,1974,2,-0.46
1/03/1974,1974,3,-0.08
1/04/1974,1974,4,0.4
1/05/1974,1974,5,-0.05
1/06/1974,1974,6,-0.87
1/07/1974,1974,7,-1.18
1/08/1974,1974,8,-0.88
1/09/1974,1974,9,-0.4
1/10/1974,1974,10,-0.18
1/11/1974,1974,11,-0.12
1/12/1974,1974,12,-0.26
1/01/1975,1975,1,-0.55
1/02/1975,1975,2,-0.43
1/03/1975,1975,3,-0.03
1/04/1975,1975,4,0.42
1/05/1975,1975,5,-0.02
1/06/1975,1975,6,-0.81
1/07/1975,1975,7,-1.16
1/08/1975,1975,8,-0.91
1/09/1975,1975,9,-0.44
1/10/1975,1975,10,-0.22
1/11/1975,1975,11,-0.13
1/12/1975,1975,12,-0.27
1/01/1976,1976,1,-0.61
1/02/1976,1976,2,-0.46
1/03/1976,1976,3,-0.09
1/04/1976,1976,4,0.39
1/05/1976,1976,5,-0.05
1/06/1976,1976,6,-0.75
1/07/1976,1976,7,-1.09
1/08/1976,1976,8,-0.94
1/09/1976,1976,9,-0.54
1/10/1976,1976,10,-0.34
1/11/1976,1976,11,-0.18
1/12/1976,1976,12,-0.29
1/01/1977,1977,1,-0.59
1/02/1977,1977,2,-0.44
1/03/1977,1977,3,-0.09
1/04/1977,1977,4,0.37
1/05/1977,1977,5,0
1/06/1977,1977,6,-0.66
1/07/1977,1977,7,-0.97
1/08/1977,1977,8,-0.86
1/09/1977,1977,9,-0.47
1/10/1977,1977,10,-0.29
1/11/1977,1977,11,-0.16
1/12/1977,1977,12,-0.29
1/01/1978,1978,1,-0.58
1/02/1978,1978,2,-0.46
1/03/1978,1978,3,-0.04
1/04/1978,1978,4,0.36
1/05/1978,1978,5,0
1/06/1978,1978,6,-0.65
1/07/1978,1978,7,-0.95
1/08/1978,1978,8,-0.87
1/09/1978,1978,9,-0.48
1/10/1978,1978,10,-0.23
1/11/1978,1978,11,-0.12
1/12/1978,1978,12,-0.28
1/01/1979,1979,1,-0.67
1/02/1979,1979,2,-0.53
1/03/1979,1979,3,-0.09
1/04/1979,1979,4,0.36
1/05/1979,1979,5,-0.02
1/06/1979,1979,6,-0.6
1/07/1979,1979,7,-0.89
1/08/1979,1979,8,-0.87
1/09/1979,1979,9,-0.47
1/10/1979,1979,10,-0.21
1/11/1979,1979,11,-0.15
1/12/1979,1979,12,-0.33
1/01/1980,1980,1,-0.66
1/02/1980,1980,2,-0.54
1/03/1980,1980,3,-0.11
1/04/1980,1980,4,0.37
1/05/1980,1980,5,0.01
1/06/1980,1980,6,-0.52
1/07/1980,1980,7,-0.85
1/08/1980,1980,8,-0.86
1/09/1980,1980,9,-0.47
1/10/1980,1980,10,-0.25
1/11/1980,1980,11,-0.22
1/12/1980,1980,12,-0.33
1/01/1981,1981,1,-0.69
1/02/1981,1981,2,-0.6
1/03/1981,1981,3,-0.18
1/04/1981,1981,4,0.39
1/05/1981,1981,5,0.06
1/06/1981,1981,6,-0.57
1/07/1981,1981,7,-0.89
1/08/1981,1981,8,-0.9
1/09/1981,1981,9,-0.52
1/10/1981,1981,10,-0.26
1/11/1981,1981,11,-0.24
1/12/1981,1981,12,-0.35
1/01/1982,1982,1,-0.7
1/02/1982,1982,2,-0.58
1/03/1982,1982,3,-0.19
1/04/1982,1982,4,0.4
1/05/1982,1982,5,0.1
1/06/1982,1982,6,-0.59
1/07/1982,1982,7,-0.92
1/08/1982,1982,8,-0.93
1/09/1982,1982,9,-0.54
1/10/1982,1982,10,-0.26
1/11/1982,1982,11,-0.24
1/12/1982,1982,12,-0.36
1/01/1983,1983,1,-0.67
1/02/1983,1983,2,-0.53
1/03/1983,1983,3,-0.15
1/04/1983,1983,4,0.45
1/05/1983,1983,5,0.17
1/06/1983,1983,6,-0.52
1/07/1983,1983,7,-0.84
1/08/1983,1983,8,-0.86
1/09/1983,1983,9,-0.46
1/10/1983,1983,10,-0.14
1/11/1983,1983,11,-0.16
1/12/1983,1983,12,-0.37
1/01/1984,1984,1,-0.69
1/02/1984,1984,2,-0.58
1/03/1984,1984,3,-0.23
1/04/1984,1984,4,0.36
1/05/1984,1984,5,0.21
1/06/1984,1984,6,-0.43
1/07/1984,1984,7,-0.74
1/08/1984,1984,8,-0.79
1/09/1984,1984,9,-0.41
1/10/1984,1984,10,-0.11
1/11/1984,1984,11,-0.14
1/12/1984,1984,12,-0.36
1/01/1985,1985,1,-0.73
1/02/1985,1985,2,-0.6
1/03/1985,1985,3,-0.24
1/04/1985,1985,4,0.4
1/05/1985,1985,5,0.19
1/06/1985,1985,6,-0.48
1/07/1985,1985,7,-0.8
1/08/1985,1985,8,-0.87
1/09/1985,1985,9,-0.48
1/10/1985,1985,10,-0.2
1/11/1985,1985,11,-0.21
1/12/1985,1985,12,-0.38
1/01/1986,1986,1,-0.8
1/02/1986,1986,2,-0.69
1/03/1986,1986,3,-0.28
1/04/1986,1986,4,0.37
1/05/1986,1986,5,0.15
1/06/1986,1986,6,-0.6
1/07/1986,1986,7,-0.89
1/08/1986,1986,8,-0.93
1/09/1986,1986,9,-0.53
1/10/1986,1986,10,-0.27
1/11/1986,1986,11,-0.23
1/12/1986,1986,12,-0.43
1/01/1987,1987,1,-0.82
1/02/1987,1987,2,-0.66
1/03/1987,1987,3,-0.26
1/04/1987,1987,4,0.36
1/05/1987,1987,5,0.16
1/06/1987,1987,6,-0.62
1/07/1987,1987,7,-0.98
1/08/1987,1987,8,-0.96
1/09/1987,1987,9,-0.55
1/10/1987,1987,10,-0.25
1/11/1987,1987,11,-0.23
1/12/1987,1987,12,-0.48
1/01/1988,1988,1,-0.87
1/02/1988,1988,2,-0.71
1/03/1988,1988,3,-0.33
1/04/1988,1988,4,0.3
1/05/1988,1988,5,0.2
1/06/1988,1988,6,-0.67
1/07/1988,1988,7,-1.02
1/08/1988,1988,8,-0.93
1/09/1988,1988,9,-0.49
1/10/1988,1988,10,-0.2
1/11/1988,1988,11,-0.25
1/12/1988,1988,12,-0.48
1/01/1989,1989,1,-0.82
1/02/1989,1989,2,-0.68
1/03/1989,1989,3,-0.34
1/04/1989,1989,4,0.3
1/05/1989,1989,5,0.13
1/06/1989,1989,6,-0.73
1/07/1989,1989,7,-1.08
1/08/1989,1989,8,-0.96
1/09/1989,1989,9,-0.57
1/10/1989,1989,10,-0.28
1/11/1989,1989,11,-0.27
1/12/1989,1989,12,-0.45
1/01/1990,1990,1,-0.85
1/02/1990,1990,2,-0.7
1/03/1990,1990,3,-0.38
1/04/1990,1990,4,0.28
1/05/1990,1990,5,0.07
1/06/1990,1990,6,-0.84
1/07/1990,1990,7,-1.12
1/08/1990,1990,8,-1.04
1/09/1990,1990,9,-0.63
1/10/1990,1990,10,-0.37
1/11/1990,1990,11,-0.34
1/12/1990,1990,12,-0.5
1/01/1991,1991,1,-0.82
1/02/1991,1991,2,-0.69
1/03/1991,1991,3,-0.39
1/04/1991,1991,4,0.23
1/05/1991,1991,5,0
1/06/1991,1991,6,-0.89
1/07/1991,1991,7,-1.18
1/08/1991,1991,8,-1.14
1/09/1991,1991,9,-0.71
1/10/1991,1991,10,-0.48
1/11/1991,1991,11,-0.43
1/12/1991,1991,12,-0.54
1/01/1992,1992,1,-0.83
1/02/1992,1992,2,-0.67
1/03/1992,1992,3,-0.37
1/04/1992,1992,4,0.3
1/05/1992,1992,5,0.07
1/06/1992,1992,6,-0.89
1/07/1992,1992,7,-1.15
1/08/1992,1992,8,-1.09
1/09/1992,1992,9,-0.6
1/10/1992,1992,10,-0.38
1/11/1992,1992,11,-0.39
1/12/1992,1992,12,-0.51
1/01/1993,1993,1,-0.87
1/02/1993,1993,2,-0.71
1/03/1993,1993,3,-0.44
1/04/1993,1993,4,0.23
1/05/1993,1993,5,0.01
1/06/1993,1993,6,-0.99
1/07/1993,1993,7,-1.24
1/08/1993,1993,8,-1.15
1/09/1993,1993,9,-0.68
1/10/1993,1993,10,-0.45
1/11/1993,1993,11,-0.38
1/12/1993,1993,12,-0.49
1/01/1994,1994,1,-0.84
1/02/1994,1994,2,-0.65
1/03/1994,1994,3,-0.44
1/04/1994,1994,4,0.23
1/05/1994,1994,5,0.02
1/06/1994,1994,6,-0.96
1/07/1994,1994,7,-1.24
1/08/1994,1994,8,-1.15
1/09/1994,1994,9,-0.68
1/10/1994,1994,10,-0.41
1/11/1994,1994,11,-0.37
1/12/1994,1994,12,-0.48
1/01/1995,1995,1,-0.83
1/02/1995,1995,2,-0.72
1/03/1995,1995,3,-0.41
1/04/1995,1995,4,0.27
1/05/1995,1995,5,0.06
1/06/1995,1995,6,-0.93
1/07/1995,1995,7,-1.17
1/08/1995,1995,8,-1.02
1/09/1995,1995,9,-0.57
1/10/1995,1995,10,-0.27
1/11/1995,1995,11,-0.37
1/12/1995,1995,12,-0.48
1/01/1996,1996,1,-0.82
1/02/1996,1996,2,-0.64
1/03/1996,1996,3,-0.34
1/04/1996,1996,4,0.25
1/05/1996,1996,5,-0.01
1/06/1996,1996,6,-0.98
1/07/1996,1996,7,-1.29
1/08/1996,1996,8,-1.11
1/09/1996,1996,9,-0.62
1/10/1996,1996,10,-0.3
1/11/1996,1996,11,-0.42
1/12/1996,1996,12,-0.48
1/01/1997,1997,1,-0.77
1/02/1997,1997,2,-0.61
1/03/1997,1997,3,-0.37
1/04/1997,1997,4,0.19
1/05/1997,1997,5,-0.07
1/06/1997,1997,6,-1.03
1/07/1997,1997,7,-1.36
1/08/1997,1997,8,-1.18
1/09/1997,1997,9,-0.68
1/10/1997,1997,10,-0.44
1/11/1997,1997,11,-0.54
1/12/1997,1997,12,-0.52
1/01/1998,1998,1,-0.79
1/02/1998,1998,2,-0.58
1/03/1998,1998,3,-0.31
1/04/1998,1998,4,0.2
1/05/1998,1998,5,-0.06
1/06/1998,1998,6,-0.97
1/07/1998,1998,7,-1.25
1/08/1998,1998,8,-1.05
1/09/1998,1998,9,-0.49
1/10/1998,1998,10,-0.2
1/11/1998,1998,11,-0.32
1/12/1998,1998,12,-0.37
1/01/1999,1999,1,-0.68
1/02/1999,1999,2,-0.5
1/03/1999,1999,3,-0.3
1/04/1999,1999,4,0.21
1/05/1999,1999,5,-0.04
1/06/1999,1999,6,-0.96
1/07/1999,1999,7,-1.34
1/08/1999,1999,8,-1.12
1/09/1999,1999,9,-0.56
1/10/1999,1999,10,-0.29
1/11/1999,1999,11,-0.38
1/12/1999,1999,12,-0.41
1/01/2000,2000,1,-0.74
1/02/2000,2000,2,-0.52
1/03/2000,2000,3,-0.29
1/04/2000,2000,4,0.21
1/05/2000,2000,5,-0.1
1/06/2000,2000,6,-1.02
1/07/2000,2000,7,-1.35
1/08/2000,2000,8,-1.13
1/09/2000,2000,9,-0.56
1/10/2000,2000,10,-0.32
1/11/2000,2000,11,-0.41
1/12/2000,2000,12,-0.39
1/01/2001,2001,1,-0.72
1/02/2001,2001,2,-0.44
1/03/2001,2001,3,-0.21
1/04/2001,2001,4,0.26
1/05/2001,2001,5,-0.07
1/06/2001,2001,6,-1.05
1/07/2001,2001,7,-1.34
1/08/2001,2001,8,-1.09
1/09/2001,2001,9,-0.56
1/10/2001,2001,10,-0.34
1/11/2001,2001,11,-0.4
1/12/2001,2001,12,-0.37
1/01/2002,2002,1,-0.68
1/02/2002,2002,2,-0.37
1/03/2002,2002,3,-0.13
1/04/2002,2002,4,0.3
1/05/2002,2002,5,-0.08
1/06/2002,2002,6,-1.08
1/07/2002,2002,7,-1.41
1/08/2002,2002,8,-1.15
1/09/2002,2002,9,-0.61
1/10/2002,2002,10,-0.42
1/11/2002,2002,11,-0.38
1/12/2002,2002,12,-0.36
1/01/2003,2003,1,-0.68
1/02/2003,2003,2,-0.39
1/03/2003,2003,3,-0.14
1/04/2003,2003,4,0.27
1/05/2003,2003,5,-0.11
1/06/2003,2003,6,-1.06
1/07/2003,2003,7,-1.42
1/08/2003,2003,8,-1.13
1/09/2003,2003,9,-0.47
1/10/2003,2003,10,-0.31
1/11/2003,2003,11,-0.31
1/12/2003,2003,12,-0.37
1/01/2004,2004,1,-0.72
1/02/2004,2004,2,-0.39
1/03/2004,2004,3,-0.11
1/04/2004,2004,4,0.28
1/05/2004,2004,5,-0.05
1/06/2004,2004,6,-1.01
1/07/2004,2004,7,-1.39
1/08/2004,2004,8,-1.1
1/09/2004,2004,9,-0.48
1/10/2004,2004,10,-0.34
1/11/2004,2004,11,-0.32
1/12/2004,2004,12,-0.36
1/01/2005,2005,1,-0.73
1/02/2005,2005,2,-0.38
1/03/2005,2005,3,-0.06
1/04/2005,2005,4,0.27
1/05/2005,2005,5,-0.11
1/06/2005,2005,6,-1.05
1/07/2005,2005,7,-1.42
1/08/2005,2005,8,-1.12
1/09/2005,2005,9,-0.47
1/10/2005,2005,10,-0.35
1/11/2005,2005,11,-0.32
1/12/2005,2005,12,-0.39
1/01/2006,2006,1,-0.79
1/02/2006,2006,2,-0.5
1/03/2006,2006,3,-0.2
1/04/2006,2006,4,0.25
1/05/2006,2006,5,-0.1
1/06/2006,2006,6,-1.05
1/07/2006,2006,7,-1.48
1/08/2006,2006,8,-1.18
1/09/2006,2006,9,-0.6
1/10/2006,2006,10,-0.46
1/11/2006,2006,11,-0.37
1/12/2006,2006,12,-0.42
1/01/2007,2007,1,-0.76
1/02/2007,2007,2,-0.52
1/03/2007,2007,3,-0.17
1/04/2007,2007,4,0.29
1/05/2007,2007,5,-0.08
1/06/2007,2007,6,-1.01
1/07/2007,2007,7,-1.43
1/08/2007,2007,8,-1.13
1/09/2007,2007,9,-0.55
1/10/2007,2007,10,-0.36
1/11/2007,2007,11,-0.27
1/12/2007,2007,12,-0.37
1/01/2008,2008,1,-0.72
1/02/2008,2008,2,-0.51
1/03/2008,2008,3,-0.12
1/04/2008,2008,4,0.32
1/05/2008,2008,5,-0.04
1/06/2008,2008,6,-0.97
1/07/2008,2008,7,-1.37
1/08/2008,2008,8,-1.05
1/09/2008,2008,9,-0.48
1/10/2008,2008,10,-0.27
1/11/2008,2008,11,-0.23
1/12/2008,2008,12,-0.38
1/01/2009,2009,1,-0.77
1/02/2009,2009,2,-0.56
1/03/2009,2009,3,-0.12
1/04/2009,2009,4,0.28
1/05/2009,2009,5,-0.04
1/06/2009,2009,6,-0.92
1/07/2009,2009,7,-1.31
1/08/2009,2009,8,-1.03
1/09/2009,2009,9,-0.46
1/10/2009,2009,10,-0.25
1/11/2009,2009,11,-0.21
1/12/2009,2009,12,-0.37
1/01/2010,2010,1,-0.75
1/02/2010,2010,2,-0.51
1/03/2010,2010,3,-0.05
1/04/2010,2010,4,0.31
1/05/2010,2010,5,0
1/06/2010,2010,6,-0.86
1/07/2010,2010,7,-1.34
1/08/2010,2010,8,-1.04
1/09/2010,2010,9,-0.48
1/10/2010,2010,10,-0.27
1/11/2010,2010,11,-0.25
1/12/2010,2010,12,-0.33
1/01/2011,2011,1,-0.72
1/02/2011,2011,2,-0.53
1/03/2011,2011,3,-0.02
1/04/2011,2011,4,0.36
1/05/2011,2011,5,-0.03
1/06/2011,2011,6,-0.89
1/07/2011,2011,7,-1.39
1/08/2011,2011,8,-1.11
1/09/2011,2011,9,-0.61
1/10/2011,2011,10,-0.41
1/11/2011,2011,11,-0.29
1/12/2011,2011,12,-0.36
1/01/2012,2012,1,-0.7
1/02/2012,2012,2,-0.53
1/03/2012,2012,3,0.01
1/04/2012,2012,4,0.4
1/05/2012,2012,5,-0.03
1/06/2012,2012,6,-0.89
1/07/2012,2012,7,-1.41
1/08/2012,2012,8,-1.09
1/09/2012,2012,9,-0.58
1/10/2012,2012,10,-0.36
1/11/2012,2012,11,-0.27
1/12/2012,2012,12,-0.37
1/01/2013,2013,1,-0.66
1/02/2013,2013,2,-0.52
1/03/2013,2013,3,0.03
1/04/2013,2013,4,0.39
1/05/2013,2013,5,-0.01
1/06/2013,2013,6,-0.84
1/07/2013,2013,7,-1.26
1/08/2013,2013,8,-0.93
1/09/2013,2013,9,-0.45
1/10/2013,2013,10,-0.25
1/11/2013,2013,11,-0.2
1/12/2013,2013,12,-0.35
1/01/2014,2014,1,-0.69
1/02/2014,2014,2,-0.57
1/03/2014,2014,3,-0.04
1/04/2014,2014,4,0.31
1/05/2014,2014,5,-0.03
1/06/2014,2014,6,-0.84
1/07/2014,2014,7,-1.24
1/08/2014,2014,8,-0.92
1/09/2014,2014,9,-0.47
1/10/2014,2014,10,-0.24
1/11/2014,2014,11,-0.15
1/12/2014,2014,12,-0.36
1/01/2015,2015,1,-0.69
1/02/2015,2015,2,-0.6
1/03/2015,2015,3,-0.1
1/04/2015,2015,4,0.31
1/05/2015,2015,5,-0.05
1/06/2015,2015,6,-0.73
1/07/2015,2015,7,-1
1/08/2015,2015,8,-0.79
1/09/2015,2015,9,-0.19
1/10/2015,2015,10,0.14
1/11/2015,2015,11,0.03
1/12/2015,2015,12,-0.36
1/01/2016,2016,1,-0.67
1/02/2016,2016,2,-0.64
1/03/2016,2016,3,-0.07
1/04/2016,2016,4,0.43
1/05/2016,2016,5,0.13
1/06/2016,2016,6,-0.71
1/07/2016,2016,7,-1.02
1/08/2016,2016,8,-0.71
1/09/2016,2016,9,-0.07
1/10/2016,2016,10,0.23
1/11/2016,2016,11,0.07
1/12/2016,2016,12,-0.39
1/01/2017,2017,1,-0.72
1/02/2017,2017,2,-0.67
1/03/2017,2017,3,-0.04
1/04/2017,2017,4,0.43
1/05/2017,2017,5,0.11
1/06/2017,2017,6,-0.8
1/07/2017,2017,7,-1.21
1/08/2017,2017,8,-0.82
1/09/2017,2017,9,-0.24
1/10/2017,2017,10,0.13
1/11/2017,2017,11,0.05
1/12/2017,2017,12,-0.38
1/01/2018,2018,1,-0.7
1/02/2018,2018,2,-0.63
1/03/2018,2018,3,-0.03
1/04/2018,2018,4,0.5
1/05/2018,2018,5,0.21
1/06/2018,2018,6,-0.71
1/07/2018,2018,7,-1.14
1/08/2018,2018,8,-0.68
1/09/2018,2018,9,-0.16
1/10/2018,2018,10,0.19
1/11/2018,2018,11,0.09
1/12/2018,2018,12,-0.43
1/01/2019,2019,1,-0.7
1/02/2019,2019,2,-0.56
1/03/2019,2019,3,-0.03
1/04/2019,2019,4,0.52
1/05/2019,2019,5,0.25
1/06/2019,2019,6,-0.73
1/07/2019,2019,7,-1.1
1/08/2019,2019,8,-0.59
1/09/2019,2019,9,-0.02
1/10/2019,2019,10,0.26
1/11/2019,2019,11,0.13
1/12/2019,2019,12,-0.37
1/01/2020,2020,1,-0.7
1/02/2020,2020,2,-0.58
1/03/2020,2020,3,-0.05
1/04/2020,2020,4,0.51
1/05/2020,2020,5,0.35
1/06/2020,2020,6,-0.6
1/07/2020,2020,7,-1
1/08/2020,2020,8,-0.5
1/09/2020,2020,9,0.16
1/10/2020,2020,10,0.53
1/11/2020,2020,11,0.3
1/12/2020,2020,12,-0.29
1/01/2021,2021,1,-0.65
1/02/2021,2021,2,-0.58
1/03/2021,2021,3,-0.06
1/04/2021,2021,4,0.46
1/05/2021,2021,5,0.36
1/06/2021,2021,6,-0.57
1/07/2021,2021,7,-1.02
1/08/2021,2021,8,-0.56
1/09/2021,2021,9,0.04
1/10/2021,2021,10,0.45
1/11/2021,2021,11,0.22
1/12/2021,2021,12,-0.33
1/01/2022,2022,1,-0.7
1/02/2022,2022,2,-0.59
1/03/2022,2022,3,-0.05
1/04/2022,2022,4,0.53
1/05/2022,2022,5,0.34
1/06/2022,2022,6,-0.62
1/07/2022,2022,7,-1.11
1/08/2022,2022,8,-0.63
1/09/2022,2022,9,0
1/10/2022,2022,10,0.39
1/11/2022,2022,11,0.18
1/12/2022,2022,12,-0.37
1/01/2023,2023,1,-0.78
1/02/2023,2023,2,-0.74
1/03/2023,2023,3,-0.12
1/04/2023,2023,4,0.46
1/05/2023,2023,5,0.28
1/06/2023,2023,6,-0.71
1/07/2023,2023,7,-1.31
1/08/2023,2023,8,-0.83
1/09/2023,2023,9,-0.23
1/10/2023,2023,10,0.17
1/11/2023,2023,11,0.14
1/12/2023,2023,12,-0.36
1/01/2024,2024,1,-0.73
1/02/2024,2024,2,-0.72
1/03/2024,2024,3,-0.04
1/04/2024,2024,4,0.48
1/05/2024,2024,5,0.28
1/06/2024,2024,6,-0.71
1/07/2024,2024,7,-1.28
1/08/2024,2024,8,-0.74
1/09/2024,2024,9,-0.08
1/10/2024,2024,10,0.39
1/11/2024,2024,11,0.33
1/12/2024,2024,12,-0.25
1/01/2025,2025,1,-0.66
1/02/2025,2025,2,-0.75
1/03/2025,2025,3,0.01
1/04/2025,2025,4,0.53
1/05/2025,2025,5,0.36
1/06/2025,2025,6,-0.71
1/07/2025,2025,7,-1.25
1/08/2025,2025,8,-0.62
1/09/2025,2025,9,0
1/10/2025,2025,10,0.4
1/11/2025,2025,11,0.28
1/12/2025,2025,12,-0.32
1/01/2026,2026,1,-0.75
1/02/2026,2026,2,-0.71
1/03/2026,2026,3,0.04
1/04/2026,2026,4,0.52
1/05/2026,2026,5,0.33
1/06/2026,2026,6,-0.77
1/07/2026,2026,7,-1.31
1/08/2026,2026,8,-0.79
1/09/2026,2026,9,-0.18
1/10/2026,2026,10,0.16
1/11/2026,2026,11,0.13
1/12/2026,2026,12,-0.36
